<?xml version="1.0" encoding="UTF-8"?>
<project-private xmlns="http://www.netbeans.org/ns/project-private/1">
    <editor-bookmarks xmlns="http://www.netbeans.org/ns/editor-bookmarks/2" lastBookmarkId="0"/>
    <open-files xmlns="http://www.netbeans.org/ns/projectui-open-files/2">
        <group>
            <file>file:/E:/Kuliah/Semester%204/RPL%201/praktek/Kelompok-2-APPL-master/Latihan/Simple%20ATM/ATM_exercise/src/atm_exercise/BalanceInquiry.java</file>
            <file>file:/E:/Kuliah/Semester%204/RPL%201/praktek/Kelompok-2-APPL-master/Latihan/Simple%20ATM/ATM_exercise/src/atm_exercise/Transaction.java</file>
            <file>file:/E:/Kuliah/Semester%204/RPL%201/praktek/Kelompok-2-APPL-master/Latihan/Simple%20ATM/ATM_exercise/src/atm_exercise/ATM.java</file>
            <file>file:/E:/Kuliah/Semester%204/RPL%201/praktek/Kelompok-2-APPL-master/Latihan/Simple%20ATM/ATM_exercise/src/atm_exercise/BankDatabase.java</file>
            <file>file:/E:/Kuliah/Semester%204/RPL%201/praktek/Kelompok-2-APPL-master/Latihan/Simple%20ATM/ATM_exercise/src/atm_exercise/Account.java</file>
            <file>file:/E:/Kuliah/Semester%204/RPL%201/praktek/Kelompok-2-APPL-master/Latihan/Simple%20ATM/ATM_exercise/src/atm_exercise/ATMApp.java</file>
        </group>
    </open-files>
</project-private>
